URL,Date
https://webtools4us.com,
https://webtools4us.com/report-not-working-links,
https://webtools4us.com/contact,
https://webtools4us.com/text-to-slug,
https://webtools4us.com/lorem-ipsum-generator,
https://webtools4us.com/case-converter,
https://webtools4us.com/word-counter,
https://webtools4us.com/remove-line-breaks,
https://webtools4us.com/random-word-generator,
https://webtools4us.com/ico-to-png,
https://webtools4us.com/ico-converter,
https://webtools4us.com/image-to-base64,
https://webtools4us.com/base64-to-image,
https://webtools4us.com/flip-image,
https://webtools4us.com/rotate-image,
https://webtools4us.com/image-enlarger,
https://webtools4us.com/image-cropper,
https://webtools4us.com/image-resizer,
https://webtools4us.com/image-converter,
https://webtools4us.com/jpg-to-png,
https://webtools4us.com/png-to-jpg,
https://webtools4us.com/jpg-converter,
https://webtools4us.com/webp-to-jpg,
https://webtools4us.com/age-calculator,
https://webtools4us.com/percentage-calculator,
https://webtools4us.com/average-calculator,
https://webtools4us.com/confidence-interval-calculator,
https://webtools4us.com/sales-tax-calculator,
https://webtools4us.com/margin-calculator,
https://webtools4us.com/probability-calculator,
https://webtools4us.com/paypal-fee-calculator,
https://webtools4us.com/discount-calculator,
https://webtools4us.com/cpm-calculator,
https://webtools4us.com/loan-calculator,
https://webtools4us.com/gst-calculator,
https://webtools4us.com/length-converter,
https://webtools4us.com/area-converter,
https://webtools4us.com/weight-converter,
https://webtools4us.com/volume-converter,
https://webtools4us.com/temperature-converter,
https://webtools4us.com/each-converter,
https://webtools4us.com/time-converter,
https://webtools4us.com/digital-converter,
https://webtools4us.com/parts-per-converter,
https://webtools4us.com/speed-converter,
https://webtools4us.com/pace-converter,
https://webtools4us.com/pressure-converter,
https://webtools4us.com/current-converter,
https://webtools4us.com/voltage-converter,
https://webtools4us.com/power-converter,
https://webtools4us.com/reactive-power-converter,
https://webtools4us.com/apparent-power-converter,
https://webtools4us.com/energy-converter,
https://webtools4us.com/reactive-energy-converter,
https://webtools4us.com/volumetric-flow-rate-converter,
https://webtools4us.com/illuminance-converter,
https://webtools4us.com/frequency-converter,
https://webtools4us.com/angle-converter,
https://webtools4us.com/currency-converter,
https://webtools4us.com/number-to-word-converter,
https://webtools4us.com/word-to-number-converter,
https://webtools4us.com/torque-converter,
https://webtools4us.com/charge-converter,
https://webtools4us.com/number-to-roman-numerals,
https://webtools4us.com/roman-numerals-to-number,
https://webtools4us.com/text-to-binary,
https://webtools4us.com/binary-to-text,
https://webtools4us.com/hex-to-binary,
https://webtools4us.com/binary-to-hex,
https://webtools4us.com/ascii-to-binary,
https://webtools4us.com/binary-to-ascii,
https://webtools4us.com/decimal-to-binary,
https://webtools4us.com/binary-to-decimal,
https://webtools4us.com/text-to-ascii,
https://webtools4us.com/ascii-to-text,
https://webtools4us.com/hex-to-decimal,
https://webtools4us.com/decimal-to-hex,
https://webtools4us.com/octal-to-binary,
https://webtools4us.com/binary-to-octal,
https://webtools4us.com/octal-to-decimal,
https://webtools4us.com/decimal-to-octal,
https://webtools4us.com/hex-to-octa,
https://webtools4us.com/octal-to-hex,
https://webtools4us.com/text-to-octal,
https://webtools4us.com/octal-to-text,
https://webtools4us.com/text-to-hex,
https://webtools4us.com/hex-to-text,
https://webtools4us.com/text-to-decima,
https://webtools4us.com/decimal-to-text,
https://webtools4us.com/html-decode,
https://webtools4us.com/html-encode,
https://webtools4us.com/url-decode,
https://webtools4us.com/url-encode,
https://webtools4us.com/html-beautifier,
https://webtools4us.com/html-minifier,
https://webtools4us.com/css-beautifier,
https://webtools4us.com/css-minifier,
https://webtools4us.com/javascript-beautifier,
https://webtools4us.com/javascript-minifier,
https://webtools4us.com/javascript-deobfuscator,
https://webtools4us.com/javascript-obfuscator,
https://webtools4us.com/qr-code-decoder,
https://webtools4us.com/qr-code-generator,
https://webtools4us.com/find-facebook-id,
https://webtools4us.com/json-viewer,
https://webtools4us.com/json-formatter,
https://webtools4us.com/json-validator,
https://webtools4us.com/json-editor,
https://webtools4us.com/json-minify,
https://webtools4us.com/xml-to-json,
https://webtools4us.com/csv-to-json,
https://webtools4us.com/tsv-to-json,
https://webtools4us.com/json-to-xml,
https://webtools4us.com/json-to-csv,
https://webtools4us.com/json-to-text,
https://webtools4us.com/json-to-tsv,
https://webtools4us.com/md5-generator,
https://webtools4us.com/what-is-my-ip,
https://webtools4us.com/ip-address-lookup,
https://webtools4us.com/base64-decode,
https://webtools4us.com/base64-encode,
https://webtools4us.com/color-converter,
https://webtools4us.com/password-generator,
https://webtools4us.com/vtt-to-srt,
https://webtools4us.com/srt-to-vtt,
https://webtools4us.com/youtube-thumbnail-downloader,
https://webtools4us.com/hex-to-rgb,
https://webtools4us.com/rgb-to-hex,
https://webtools4us.com/about-us,
https://webtools4us.com/terms-and-conditions,
https://webtools4us.com/privacy-policy,